Name,Father's Name,Mobile Number,Email,Department
Teacher 1,Father 1,123,t1@mail.com,CSE
Teacher 2,Father 2,124,t2@mail.com,ME
Teacher 3,Father 3,125,t3@mail.com,CSE
Teacher 4,Father 4,126,t4@mail.com,CSE
Teacher 5,Father 5,127,t5@mail.com,CSE
Teacher 6,Father 6,128,t6@mail.com,ECE
Teacher 7,Father 7,129,t7@mail.com,CSE
Teacher 8,Father 8,130,t8@mail.com,CSE
Teacher 9,Father 9,131,t9@mail.com,ME
Teacher 10,Father 10,132,t10@mail.com,ECE
Teacher 11,Father 11,133,t11@mail.com,CSE
Teacher 12,Father 12,134,t12@mail.com,CSE
Teacher 13,Father 13,135,t13@mail.com,CSE
Teacher 14,Father 14,136,t14@mail.com,EE
Teacher 15,Father 15,137,t15@mail.com,CSE
Teacher 16,Father 16,138,t16@mail.com,CSE
Teacher 17,Father 17,139,t17@mail.com,CSE
Teacher 18,Father 18,140,t18@mail.com,EE
Teacher 19,Father 19,141,t19@mail.com,CSE
Teacher 20,Father 20,142,t20@mail.com,ECE
Teacher 21,Father 21,143,t21@mail.com,CSE
Teacher 22,Father 22,144,t22@mail.com,CSE
Teacher 23,Father 23,145,t23@mail.com,ECE
Teacher 24,Father 24,146,t24@mail.com,ME
Teacher 25,Father 25,147,t25@mail.com,CSE
Teacher 26,Father 26,148,t26@mail.com,CSE
Teacher 27,Father 27,149,t27@mail.com,CSE
Teacher 28,Father 28,150,t28@mail.com,ME
Teacher 29,Father 29,151,t29@mail.com,CSE
Teacher 30,Father 30,152,t30@mail.com,CSE
Teacher 31,Father 31,153,t31@mail.com,EE
Teacher 32,Father 32,154,t32@mail.com,CSE
Teacher 33,Father 33,155,t33@mail.com,ME
Teacher 34,Father 34,156,t34@mail.com,CSE
Teacher 35,Father 35,157,t35@mail.com,CSE
Teacher 36,Father 36,158,t36@mail.com,CSE
Teacher 37,Father 37,159,t37@mail.com,CSE
Teacher 38,Father 38,160,t38@mail.com,CSE
